enfrenta_dificuldades_para_manter_atividade_produtiva_e_o_atendimento_domestico_em_virtude_de_escass,municipio_ibge,regional
Não,Miracema do Tocantins,Miracema
Não,Nova Rosalândia,Paraiso
Não,Dianópolis,Taguatinga do Tocantins
Não,Dianópolis,Taguatinga do Tocantins
Não,Nova Olinda,Araguína
Não,dois Irmãos do Tocantins,Paraiso
Não,Miracema do Tocantins,Miracema
Não,Paraíso do Tocantins,Paraiso
De dezembro a maio,São Bento do Tocantins,Araguatins
Não,Araguaçu,Gurupi
"Sim, julho a novembro",darcinópolis,Araguatins
Não,Couto Magalhães,Colinas
"Sim, julho a novembro",Palmas,Porto Nacional
Não,Filadélfia,Araguína
Não,Xambioá,Araguína
Não,Chapada de Areia,Paraiso
Não,Dianópolis,Taguatinga do Tocantins
Não,dois Irmãos do Tocantins,Paraiso
Não,Talismã,Gurupi
"Sim, julho a novembro",Dianópolis,Taguatinga do Tocantins
Não,Tocantínia,Miracema
Não,Miracema do Tocantins,Miracema
Não,Couto Magalhães,Colinas
"Sim, julho a novembro",Carmolândia,Araguína
Não,Rio Sono,Miracema
"Sim, julho a novembro",Carmolândia,Araguína
Não,Caseara,Paraiso
"Sim, julho a novembro",Paraíso do Tocantins,Paraiso
Não,Dianópolis,Taguatinga do Tocantins
"Sim, julho a novembro",Dianópolis,Taguatinga do Tocantins
"Sim, julho a novembro",Carmolândia,Araguína
"Sim, julho a novembro",Palmas,Porto Nacional
Não,Couto Magalhães,Colinas
"Sim, julho a novembro",Carmolândia,Araguína
"Sim, julho a novembro",Carmolândia,Araguína
Não,Porto Nacional,Porto Nacional
Não,Babaçulândia,Araguína
"Sim, julho a novembro",Pugmil,Paraiso
Não,Caseara,Paraiso
Não,Caseara,Paraiso
Não,Aragominas,Araguína
"Sim, julho a novembro",Monte do Carmo,Porto Nacional
Não,Aurora do Tocantins,Taguatinga do Tocantins
Não,Araguatins,Araguatins
Não,Luzinópolis,Araguatins
"Sim, julho a novembro",Almas,Taguatinga do Tocantins
"Sim, julho a novembro",Almas,Taguatinga do Tocantins
agosto a outubro,Peixe,Gurupi
"Sim, julho a novembro",Ananás,Araguatins
Não,Palmeirópolis,Gurupi
Não,Tocantínia,Miracema
Não,Palmas,Porto Nacional
"Sim, julho a novembro",Ananás,Araguatins
"Sim, julho a novembro",Palmas,Porto Nacional
"Sim, julho a novembro",Sítio Novo do Tocantins,Araguatins
"Sim, julho a novembro",Angico,Araguatins
"Sim, o ano todo",Novo Acordo,Porto Nacional
Não,Wanderlândia,Araguína
"Sim, julho a novembro",Almas,Taguatinga do Tocantins
Não,Figueirópolis,Gurupi
Não,Babaçulândia,Araguína
"Sim, julho a novembro",Marianópolis do Tocantins,Paraiso
"Sim, julho a novembro",Sítio Novo do Tocantins,Araguatins
"Sim, o ano todo",Babaçulândia,Araguína
"Sim, julho a novembro",Pium,Paraiso
"Sim, julho a novembro",Chapada de Areia,Paraiso
"Sim, julho a novembro",Chapada de Areia,Paraiso
"Sim, julho a novembro",Angico,Araguatins
Não,Paraíso do Tocantins,Paraiso
"Sim, julho a novembro",Carmolândia,Araguína
"Sim, julho a novembro",Almas,Taguatinga do Tocantins
Não,Esperantina,Araguatins
"Sim, julho a novembro",Piraquê,Araguína
Não,Palmeiras do Tocantins,Araguatins
Não,Wanderlândia,Araguína
Não,Palmas,Porto Nacional
Não,Miracema do Tocantins,Miracema
Não,Palmeiras do Tocantins,Araguatins
"Sim, julho a novembro",Xambioá,Araguína
Não,Peixe,Gurupi
Não,Rio da Conceição,Taguatinga do Tocantins
Não,Araguaína,Araguína
Não,Filadélfia,Araguína
Não,Filadélfia,Araguína
"Sim, julho a novembro",Chapada de Areia,Paraiso
Não,Rio da Conceição,Taguatinga do Tocantins
Não,São Miguel do Tocantins,Araguatins
Não,Palmeiras do Tocantins,Araguatins
"Sim, julho a novembro",Xambioá,Araguína
Não,Filadélfia,Araguína
Não,Dianópolis,Taguatinga do Tocantins
Não,Aguiarnópolis,Araguatins
Não,Tocantínia,Miracema
Não,Chapada de Areia,Paraiso
Não,Rio dos Bois,Miracema
Não,Araguaína,Araguína
Não,Palmeiras do Tocantins,Araguatins
Não,Palmeiras do Tocantins,Araguatins
Não,Fortaleza do Tabocão,Miracema
"Sim, julho a novembro",Palmeiras do Tocantins,Araguatins
Não,Araguaína,Araguína
"Sim, julho a novembro",Gurupi,Gurupi
Não,Guaraí,Colinas
Não,Guaraí,Colinas
FALTA DE ENERGIA PARA DISTRIBUIÇÃO DE AGUA MECANIZADA,Dianópolis,Taguatinga do Tocantins
"Sim, julho a novembro",Pium,Paraiso
Não,dois Irmãos do Tocantins,Paraiso
"Sim, julho a novembro",Aragominas,Araguína
Não,Filadélfia,Araguína
Não,Pedro Afonso,Miracema
Não,Wanderlândia,Araguína
Não,Xambioá,Araguína
Não,Filadélfia,Araguína
Não,Ananás,Araguatins
Não,Luzinópolis,Araguatins
"Sim, julho a novembro",Almas,Taguatinga do Tocantins
Não,Luzinópolis,Araguatins
Não,Paranã,Taguatinga do Tocantins
Não,Filadélfia,Araguína
"Sim, julho a novembro",Cristalândia,Paraiso
Não,Pium,Paraiso
"Sim, julho a novembro",Palmas,Porto Nacional
"Sim, o ano todo",Esperantina,Araguatins
Não,Miranorte,Miracema
"Sim, julho a novembro",Gurupi,Gurupi
Não,Ananás,Araguatins
Não,Miranorte,Miracema
Não,Monte do Carmo,Porto Nacional
"Sim, julho a novembro",Almas,Taguatinga do Tocantins
"Sim, julho a novembro",Gurupi,Gurupi
"Sim, julho a novembro",Monte do Carmo,Porto Nacional
"Sim, o ano todo",Araguaína,Araguína
Não,Angico,Araguatins
"Sim, julho a novembro",Pium,Paraiso
"Sim, julho a novembro",Nova Olinda,Araguína
"Sim, julho a novembro",Babaçulândia,Araguína
"Sim, julho a novembro",Carmolândia,Araguína
"Sim, julho a novembro",Dianópolis,Taguatinga do Tocantins
Não,Santa Maria do Tocantins,Miracema
Não,Paraíso do Tocantins,Paraiso
"Sim, julho a novembro",Paranã,Taguatinga do Tocantins
Não,Paraíso do Tocantins,Paraiso
Não,Piraquê,Araguína
Não,Nova Olinda,Araguína
Não,Nova Olinda,Araguína
Não,Porto Nacional,Porto Nacional
Não,Araguatins,Araguatins
Não,Filadélfia,Araguína
"Sim, julho a novembro",Araguaçu,Gurupi
"Sim, julho a novembro",Marianópolis do Tocantins,Paraiso
"Sim, julho a novembro",Xambioá,Araguína
Não,Palmeiras do Tocantins,Araguatins
Não,Itaguatins,Araguatins
"Sim, julho a novembro",Miracema do Tocantins,Miracema
Não,Tocantínia,Miracema
Não,Aliança do Tocantins,Gurupi
Não,Palmas,Porto Nacional
Não,Axixá do Tocantins,Araguatins
Não,Axixá do Tocantins,Araguatins
Não,Aragominas,Araguína
"Sim, julho a novembro",Araguanã,Araguína
"Sim, julho a novembro",Paraíso do Tocantins,Paraiso
Não,Marianópolis do Tocantins,Paraiso
"Sim, julho a novembro",Miranorte,Miracema
Não,Jaú do Tocantins,Gurupi
"Sim, julho a novembro",Axixá do Tocantins,Araguatins
"Sim, julho a novembro",Araguanã,Araguína
"Sim, julho a novembro",Miranorte,Miracema
Não,Axixá do Tocantins,Araguatins
"Sim, julho a novembro",Sítio Novo do Tocantins,Araguatins
Não,Caseara,Paraiso
Não,Axixá do Tocantins,Araguatins
Não,Jaú do Tocantins,Gurupi
Não,Miranorte,Miracema
"Sim, julho a novembro",Araguanã,Araguína
Não,Miranorte,Miracema
Não,Axixá do Tocantins,Araguatins
"Sim, julho a novembro",Guaraí,Colinas
Não,Filadélfia,Araguína
Não,Guaraí,Colinas
"Sim, julho a novembro",Xambioá,Araguína
"Sim, julho a novembro",Palmeiras do Tocantins,Araguatins
Não,Xambioá,Araguína
Não,Aliança do Tocantins,Gurupi
Não,Xambioá,Araguína
"Sim, julho a novembro",Xambioá,Araguína
Não,Xambioá,Araguína
Não,Itaguatins,Araguatins
"Sim, julho a novembro",Axixá do Tocantins,Araguatins
Não,Jaú do Tocantins,Gurupi
"Sim, julho a novembro",Guaraí,Colinas
Não,Palmeirópolis,Gurupi
Não,Aragominas,Araguína
Não,Lajeado,Porto Nacional
Não,Axixá do Tocantins,Araguatins
Não,Jaú do Tocantins,Gurupi
Não,Tocantínia,Miracema
Não,Wanderlândia,Araguína
Não,Filadélfia,Araguína
Não,Sucupira,Gurupi
Não,Miranorte,Miracema
Não,Piraquê,Araguína
Não,Araguaína,Araguína
Não,Piraquê,Araguína
Não,Divinópolis do Tocantins,Paraiso
Não,Miranorte,Miracema
Não,Tocantínia,Miracema
Não,Araguanã,Araguína
"Sim, julho a novembro",Miracema do Tocantins,Miracema
"Sim, julho a novembro",Gurupi,Gurupi
Não,Pium,Paraiso
"Sim, julho a novembro",Gurupi,Gurupi
Não,Filadélfia,Araguína
Não,Araguaína,Araguína
Não,Filadélfia,Araguína
Não,Aragominas,Araguína
"Sim, julho a novembro",Ananás,Araguatins
Não,Palmeirópolis,Gurupi
Não,Xambioá,Araguína
"Sim, julho a novembro",Almas,Taguatinga do Tocantins
Não,Miranorte,Miracema
"Sim, julho a novembro",Carmolândia,Araguína
"Sim, julho a novembro",Dianópolis,Taguatinga do Tocantins
Não,Dueré,Gurupi
"Sim, julho a novembro",Paraíso do Tocantins,Paraiso
Não,Alvorada,Gurupi
Não,Almas,Taguatinga do Tocantins
Não,Axixá do Tocantins,Araguatins
Não,Axixá do Tocantins,Araguatins
Não,Axixá do Tocantins,Araguatins
"Sim, julho a novembro",Paraíso do Tocantins,Paraiso
Não,Pium,Paraiso
"Sim, julho a novembro",Sucupira,Gurupi
Não,Filadélfia,Araguína
"Sim, julho a novembro",Gurupi,Gurupi
"Sim, julho a novembro",Santa Fé do Araguaia,Araguína
Não,Riachinho,Araguatins
Não,Miracema do Tocantins,Miracema
"Sim, julho a novembro",Luzinópolis,Araguatins
Não,Axixá do Tocantins,Araguatins
Não,Miracema do Tocantins,Miracema
Não,Fortaleza do Tabocão,Miracema
"Sim, julho a novembro",Miranorte,Miracema
"Sim, julho a novembro",Sítio Novo do Tocantins,Araguatins
"Sim, julho a novembro",Carmolândia,Araguína
"Sim, julho a novembro",Aragominas,Araguína
Não,Araguanã,Araguína
Não,Aurora do Tocantins,Taguatinga do Tocantins
Não,Paraíso do Tocantins,Paraiso
Não,Marianópolis do Tocantins,Paraiso
Não,Luzinópolis,Araguatins
Não,Axixá do Tocantins,Araguatins
Não,Axixá do Tocantins,Araguatins
Não,Itaporã do Tocantins,Colinas
"Sim, julho a novembro",Chapada de Areia,Paraiso
Não,Divinópolis do Tocantins,Paraiso
"Sim, julho a novembro",Araguanã,Araguína
Não,Axixá do Tocantins,Araguatins
"Sim, julho a novembro",Divinópolis do Tocantins,Paraiso
"Sim, julho a novembro",Xambioá,Araguína
"Sim, julho a novembro",Xambioá,Araguína
Não,Axixá do Tocantins,Araguatins
Não,Xambioá,Araguína
Não,Xambioá,Araguína
Não,dois Irmãos do Tocantins,Paraiso
"Sim, julho a novembro",Chapada de Areia,Paraiso
"Sim, julho a novembro",Goiatins,Araguína
Não,Xambioá,Araguína
"Sim, julho a novembro",Araguanã,Araguína
"Sim, julho a novembro",Araguanã,Araguína
"Sim, julho a novembro",Chapada da Natividade,Porto Nacional
"Sim, julho a novembro",Divinópolis do Tocantins,Paraiso
"Sim, julho a novembro",Chapada da Natividade,Porto Nacional
Não,Araguaína,Araguína
Não,Miranorte,Miracema
Não,Talismã,Gurupi
"Sim, julho a novembro",Chapada de Areia,Paraiso
"Sim, julho a novembro",Chapada da Natividade,Porto Nacional
"Sim, julho a novembro",Lagoa da Confusão,Paraiso
Não,Rio Sono,Miracema
"Sim, julho a novembro",Dianópolis,Taguatinga do Tocantins
Não,Divinópolis do Tocantins,Paraiso
Não,Palmeiras do Tocantins,Araguatins
Não,Divinópolis do Tocantins,Paraiso
"Sim, julho a novembro",Ponte Alta do Bom Jesus,Taguatinga do Tocantins
Não,Paranã,Taguatinga do Tocantins
"Sim, julho a novembro",Chapada da Natividade,Porto Nacional
"Sim, julho a novembro",Chapada da Natividade,Porto Nacional
Não,Divinópolis do Tocantins,Paraiso
Não,Abreulândia,Paraiso
Não,Paranã,Taguatinga do Tocantins
Não,Ponte Alta do Bom Jesus,Taguatinga do Tocantins
Não,Pedro Afonso,Miracema
"Sim, julho a novembro",Alvorada,Gurupi
"Sim, julho a novembro",Almas,Taguatinga do Tocantins
Não,Divinópolis do Tocantins,Paraiso
Não,São Bento do Tocantins,Araguatins
"Sim, julho a novembro",Divinópolis do Tocantins,Paraiso
Não,Bom Jesus do Tocantins,Miracema
"Sim, julho a novembro",Chapada da Natividade,Porto Nacional
"Sim, julho a novembro",Novo Jardim,Taguatinga do Tocantins
Não,Paranã,Taguatinga do Tocantins
Não,Miranorte,Miracema
Não,Paranã,Taguatinga do Tocantins
Não,Ponte Alta do Bom Jesus,Taguatinga do Tocantins
"Sim, julho a novembro",Goiatins,Araguína
Não,Pedro Afonso,Miracema
Não,Santa Terezinha do Tocantins,Araguatins
Não,Alvorada,Gurupi
Não,Guaraí,Colinas
Não,Peixe,Gurupi
Não,Bandeirantes do Tocantins,Colinas
Não,Barrolândia,Paraiso
Não,Paranã,Taguatinga do Tocantins
Não,Alvorada,Gurupi
"Sim, julho a novembro",Santa Rita do Tocantins,Gurupi
Não,Ponte Alta do Bom Jesus,Taguatinga do Tocantins
Não,Guaraí,Colinas
Não,Palmeiras do Tocantins,Araguatins
Não,Guaraí,Colinas
"Sim, julho a novembro",Palmeiras do Tocantins,Araguatins
"Sim, julho a novembro",Paraíso do Tocantins,Paraiso
"Sim, julho a novembro",Novo Jardim,Taguatinga do Tocantins
Não,Paranã,Taguatinga do Tocantins
Não,Rio Sono,Miracema
"Sim, julho a novembro",Ponte Alta do Bom Jesus,Taguatinga do Tocantins
Não,Cariri do Tocantins,Gurupi
Não,Aparecida do Rio Negro,Porto Nacional
Não,Aliança do Tocantins,Gurupi
Não,Ponte Alta do Bom Jesus,Taguatinga do Tocantins
Não,Guaraí,Colinas
Não,dois Irmãos do Tocantins,Paraiso
Não,Pedro Afonso,Miracema
Não,Guaraí,Colinas
"Sim, julho a novembro",Barrolândia,Paraiso
Não,Tocantínia,Miracema
Não,Pedro Afonso,Miracema
Não,Miracema do Tocantins,Miracema
Não,Novo Jardim,Taguatinga do Tocantins
"Sim, julho a novembro",Goiatins,Araguína
"Sim, julho a novembro",Alvorada,Gurupi
Não,Colméia,Colinas
"Sim, julho a novembro",Talismã,Gurupi
Não,Filadélfia,Araguína
"Sim, julho a novembro",Chapada da Natividade,Porto Nacional
"Sim, julho a novembro",Chapada da Natividade,Porto Nacional
"Sim, julho a novembro",Araguanã,Araguína
Não,Talismã,Gurupi
"Sim, julho a novembro",Pium,Paraiso
"Sim, julho a novembro",Silvanópolis,Porto Nacional
Não,Divinópolis do Tocantins,Paraiso
"Sim, julho a novembro",Chapada da Natividade,Porto Nacional
Não,Divinópolis do Tocantins,Paraiso
Não,Pium,Paraiso
Não,Dianópolis,Taguatinga do Tocantins
Não,Axixá do Tocantins,Araguatins
Não,Talismã,Gurupi
Não,Monte Santo do Tocantins,Paraiso
Não,Guaraí,Colinas
"Sim, julho a novembro",Sucupira,Gurupi
Não,Porto Alegre do Tocantins,Taguatinga do Tocantins
"Sim, julho a novembro",Ponte Alta do Bom Jesus,Taguatinga do Tocantins
"Sim, julho a novembro",Divinópolis do Tocantins,Paraiso
"Sim, julho a novembro",Guaraí,Colinas
"Sim, julho a novembro",Chapada de Areia,Paraiso
Não,Paranã,Taguatinga do Tocantins
Não,Dianópolis,Taguatinga do Tocantins
Não,Rio Sono,Miracema
Não,Talismã,Gurupi
"Sim, julho a novembro",Peixe,Gurupi
Não,Divinópolis do Tocantins,Paraiso
"Sim, julho a novembro",Paraíso do Tocantins,Paraiso
"Sim, julho a novembro",Paranã,Taguatinga do Tocantins
"Sim, julho a novembro",Chapada da Natividade,Porto Nacional
Não,Paranã,Taguatinga do Tocantins
Não,Cristalândia,Paraiso
"Sim, julho a novembro",Paranã,Taguatinga do Tocantins
Não,Talismã,Gurupi
Não,Guaraí,Colinas
Não,Santa Fé do Araguaia,Araguína
"Sim, julho a novembro",Palmeiras do Tocantins,Araguatins
"Sim, julho a novembro",Ponte Alta do Bom Jesus,Taguatinga do Tocantins
Não,Ponte Alta do Bom Jesus,Taguatinga do Tocantins
"Sim, julho a novembro",Divinópolis do Tocantins,Paraiso
"Sim, julho a novembro",Goiatins,Araguína
Não,Couto Magalhães,Colinas
Não,Nova Rosalândia,Paraiso
Não,Miranorte,Miracema
"Sim, julho a novembro",Palmeiras do Tocantins,Araguatins
"Sim, julho a novembro",Barrolândia,Paraiso
Não,Guaraí,Colinas
Não,Miracema do Tocantins,Miracema
Não,Divinópolis do Tocantins,Paraiso
Não,Figueirópolis,Gurupi
"Sim, julho a novembro",Pium,Paraiso
"Sim, julho a novembro",Chapada de Areia,Paraiso
"Sim, julho a novembro",Miracema do Tocantins,Miracema
Não,Gurupi,Gurupi
"Sim, julho a novembro",Filadélfia,Araguína
Não,Talismã,Gurupi
Não,Dueré,Gurupi
"Sim, julho a novembro",Filadélfia,Araguína
Não,Cristalândia,Paraiso
Não,Guaraí,Colinas
Não,Miranorte,Miracema
"Sim, julho a novembro",Divinópolis do Tocantins,Paraiso
Não,Paranã,Taguatinga do Tocantins
"Sim, julho a novembro",Marianópolis do Tocantins,Paraiso
Não,Miracema do Tocantins,Miracema
Não,Divinópolis do Tocantins,Paraiso
Não,Miranorte,Miracema
Não,Peixe,Gurupi
Não,Rio Sono,Miracema
Não,Caseara,Paraiso
"Sim, julho a novembro",Peixe,Gurupi
Não,Peixe,Gurupi
Não,Peixe,Gurupi
"Sim, julho a novembro",Couto Magalhães,Colinas
Não,Monte Santo do Tocantins,Paraiso
Não,Talismã,Gurupi
Não,Paranã,Taguatinga do Tocantins
Não,Paranã,Taguatinga do Tocantins
"Sim, julho a novembro",Filadélfia,Araguína
"Sim, julho a novembro",Almas,Taguatinga do Tocantins
"Sim, julho a novembro",Pium,Paraiso
"Sim, julho a novembro",Sítio Novo do Tocantins,Araguatins
"Sim, julho a novembro",Goiatins,Araguína
Não,Cristalândia,Paraiso
"Sim, o ano todo",Dianópolis,Taguatinga do Tocantins
"Sim, julho a novembro",Santa Rita do Tocantins,Gurupi
Não,Dianópolis,Taguatinga do Tocantins
"Sim, julho a novembro",Marianópolis do Tocantins,Paraiso
Não,Nova Rosalândia,Paraiso
Não,Peixe,Gurupi
Não,Marianópolis do Tocantins,Paraiso
Não,Rio Sono,Miracema
Não,Jaú do Tocantins,Gurupi
"Sim, julho a novembro",Peixe,Gurupi
Não,Nova Rosalândia,Paraiso
"Sim, julho a novembro",Marianópolis do Tocantins,Paraiso
Não,Luzinópolis,Araguatins
Não,Pium,Paraiso
"Sim, julho a novembro",Gurupi,Gurupi
Não,Palmeiras do Tocantins,Araguatins
"Sim, julho a novembro",Santa Rita do Tocantins,Gurupi
"Sim, julho a novembro",Paranã,Taguatinga do Tocantins
"Sim, julho a novembro",Filadélfia,Araguína
Não,Marianópolis do Tocantins,Paraiso
Não,Marianópolis do Tocantins,Paraiso
"Sim, julho a novembro",Gurupi,Gurupi
Não,Araguaçu,Gurupi
Não,Filadélfia,Araguína
Não,Santa Terezinha do Tocantins,Araguatins
"Sim, julho a novembro",Marianópolis do Tocantins,Paraiso
Não,Filadélfia,Araguína
"Sim, julho a novembro",Paranã,Taguatinga do Tocantins
"Sim, julho a novembro",Filadélfia,Araguína
Não,Caseara,Paraiso
Não,Ananás,Araguatins
Não,Caseara,Paraiso
"Sim, julho a novembro",Filadélfia,Araguína
Não,Caseara,Paraiso
"Sim, julho a novembro",Pium,Paraiso
Não,Lagoa da Confusão,Paraiso
"Sim, julho a novembro",Rio Sono,Miracema
Não,Pium,Paraiso
Não,Divinópolis do Tocantins,Paraiso
"Sim, julho a novembro",Marianópolis do Tocantins,Paraiso
Não,Barrolândia,Paraiso
Não,Rio Sono,Miracema
Não,Monte Santo do Tocantins,Paraiso
"Sim, julho a novembro",Chapada de Areia,Paraiso
Não,Cristalândia,Paraiso
"Sim, julho a novembro",Alvorada,Gurupi
Não,Nova Rosalândia,Paraiso
"Sim, julho a novembro",Gurupi,Gurupi
Não,Rio Sono,Miracema
Não,Paranã,Taguatinga do Tocantins
"Sim, o ano todo",Cristalândia,Paraiso
"Sim, julho a novembro",Pium,Paraiso
Não,dois Irmãos do Tocantins,Paraiso
Não,Miranorte,Miracema
"Sim, julho a novembro",Chapada da Natividade,Porto Nacional
"Sim, julho a novembro",Chapada da Natividade,Porto Nacional
"Sim, julho a novembro",Paranã,Taguatinga do Tocantins
Não,Cristalândia,Paraiso
Não,Rio dos Bois,Miracema
Não,Paranã,Taguatinga do Tocantins
Não,Paranã,Taguatinga do Tocantins
Não,Figueirópolis,Gurupi
Não,Nova Rosalândia,Paraiso
Não,Silvanópolis,Porto Nacional
"Sim, julho a novembro",Ipueiras,Porto Nacional
Não,Paranã,Taguatinga do Tocantins
Não,Araguaína,Araguína
"Sim, julho a novembro",Marianópolis do Tocantins,Paraiso
"Sim, julho a novembro",Miracema do Tocantins,Miracema
Não,Lagoa da Confusão,Paraiso
Não,Ipueiras,Porto Nacional
"Sim, julho a novembro",Monte do Carmo,Porto Nacional
Não,Figueirópolis,Gurupi
"Sim, julho a novembro",Sítio Novo do Tocantins,Araguatins
Não,Rio dos Bois,Miracema
Não,darcinópolis,Araguatins
Não,Divinópolis do Tocantins,Paraiso
Não,Lagoa da Confusão,Paraiso
"Sim, julho a novembro",Paranã,Taguatinga do Tocantins
Não,Monte do Carmo,Porto Nacional
"Sim, julho a novembro",Crixás do Tocantins,Gurupi
Não,Rio dos Bois,Miracema
"Sim, julho a novembro",Novo Jardim,Taguatinga do Tocantins
AGOSTO OUTUBRO,Barrolândia,Paraiso
"Sim, o ano todo",São Salvador do Tocantins,Gurupi
"Sim, julho a novembro",Gurupi,Gurupi
Não,Dianópolis,Taguatinga do Tocantins
Não,Nova Rosalândia,Paraiso
"Sim, julho a novembro",Almas,Taguatinga do Tocantins
Não,Rio Sono,Miracema
"Sim, julho a novembro",Marianópolis do Tocantins,Paraiso
Não,Divinópolis do Tocantins,Paraiso
Não,Pium,Paraiso
"Sim, julho a novembro",Marianópolis do Tocantins,Paraiso
Não,Santa Fé do Araguaia,Araguína
Não,Silvanópolis,Porto Nacional
Não,Monte Santo do Tocantins,Paraiso
Não,Chapada de Areia,Paraiso
"Sim, julho a novembro",Marianópolis do Tocantins,Paraiso
Não,Caseara,Paraiso
Não,Paranã,Taguatinga do Tocantins
Não,Gurupi,Gurupi
Não,Gurupi,Gurupi
"Sim, julho a novembro",Marianópolis do Tocantins,Paraiso
Não,Dueré,Gurupi
"Sim, julho a novembro",Gurupi,Gurupi
"Sim, julho a novembro",Gurupi,Gurupi
Não,Alvorada,Gurupi
Não,Talismã,Gurupi
Não,Talismã,Gurupi
Não,Riachinho,Araguatins
Não,Cristalândia,Paraiso
Não,Almas,Taguatinga do Tocantins
"Sim, julho a novembro",Miranorte,Miracema
"Sim, julho a novembro",Paranã,Taguatinga do Tocantins
Não,Dueré,Gurupi
Não,Alvorada,Gurupi
"Sim, julho a novembro",Sucupira,Gurupi
Não,Talismã,Gurupi
Não,Paranã,Taguatinga do Tocantins
"Sim, julho a novembro",dois Irmãos do Tocantins,Paraiso
Não,Miranorte,Miracema
"Sim, julho a novembro",,
Não,Talismã,Gurupi
Não,Talismã,Gurupi
Não,Araguaçu,Gurupi
Não,Ipueiras,Porto Nacional
Não,Nova Rosalândia,Paraiso
"Sim, julho a novembro",Sucupira,Gurupi
Não,Talismã,Gurupi
"Sim, julho a novembro",Paraíso do Tocantins,Paraiso
"Sim, julho a novembro",Peixe,Gurupi
Não,Cristalândia,Paraiso
Não,Nova Rosalândia,Paraiso
"Sim, julho a novembro",Barrolândia,Paraiso
Não,Araguaçu,Gurupi
Não,Barrolândia,Paraiso
Não,Ananás,Araguatins
"Sim, julho a novembro",Rio da Conceição,Taguatinga do Tocantins
Não,Dianópolis,Taguatinga do Tocantins
"Sim, julho a novembro",Miracema do Tocantins,Miracema
"Sim, julho a novembro",Novo Jardim,Taguatinga do Tocantins
Não,Paraíso do Tocantins,Paraiso
"Sim, julho a novembro",Marianópolis do Tocantins,Paraiso
"Sim, julho a novembro",Ipueiras,Porto Nacional
Não,Talismã,Gurupi
Não,Nova Rosalândia,Paraiso
"Sim, julho a novembro",Monte do Carmo,Porto Nacional
Não,Rio dos Bois,Miracema
Não,Miracema do Tocantins,Miracema
Não,Monte do Carmo,Porto Nacional
Não,Aragominas,Araguína
Não,Cristalândia,Paraiso
Não,Abreulândia,Paraiso
Não,Rio dos Bois,Miracema
"Sim, julho a novembro",Xambioá,Araguína
Setembro a novembro,Cristalândia,Paraiso
Não,Miranorte,Miracema
"Sim, julho a novembro",Silvanópolis,Porto Nacional
"Sim, julho a novembro",Paranã,Taguatinga do Tocantins
Não,Miracema do Tocantins,Miracema
Não,Monte do Carmo,Porto Nacional
Não,Caseara,Paraiso
Não,Cristalândia,Paraiso
"Sim, julho a novembro",Sítio Novo do Tocantins,Araguatins
"Sim, julho a novembro",Araguaçu,Gurupi
Não,Aurora do Tocantins,Taguatinga do Tocantins
Não,Lagoa da Confusão,Paraiso
Não,Cristalândia,Paraiso
"Sim, o ano todo",São Salvador do Tocantins,Gurupi
Não,Paranã,Taguatinga do Tocantins
"Sim, o ano todo",São Salvador do Tocantins,Gurupi
"Sim, julho a novembro",Fátima,Porto Nacional
Não,Alvorada,Gurupi
Não,Talismã,Gurupi
"Sim, julho a novembro",Marianópolis do Tocantins,Paraiso
"Sim, julho a novembro",Almas,Taguatinga do Tocantins
Não,Santa Fé do Araguaia,Araguína
Não,dois Irmãos do Tocantins,Paraiso
Não,Miranorte,Miracema
Não,Talismã,Gurupi
Não,Aliança do Tocantins,Gurupi
"Sim, julho a novembro",Sucupira,Gurupi
Não,Silvanópolis,Porto Nacional
Não,Luzinópolis,Araguatins
"Sim, julho a novembro",Monte Santo do Tocantins,Paraiso
Não,Caseara,Paraiso
Não,Muricilândia,Araguína
"Sim, julho a novembro",Araguanã,Araguína
Não,Santa Fé do Araguaia,Araguína
Não,Dueré,Gurupi
"Sim, julho a novembro",Santa Fé do Araguaia,Araguína
Não,Guaraí,Colinas
Não,Colméia,Colinas
Não,Muricilândia,Araguína
"Sim, julho a novembro",Abreulândia,Paraiso
Não,Araguanã,Araguína
Não,Jaú do Tocantins,Gurupi
Não,Marianópolis do Tocantins,Paraiso
"Sim, julho a novembro",Cachoeirinha,Araguatins
Não,Muricilândia,Araguína
Não,Riachinho,Araguatins
"Sim, julho a novembro",Araguaçu,Gurupi
"Sim, julho a novembro",Dianópolis,Taguatinga do Tocantins
Não,Colméia,Colinas
Não,Colméia,Colinas
"Sim, julho a novembro",Wanderlândia,Araguína
Não,Chapada de Areia,Paraiso
Não,Riachinho,Araguatins
Não,Riachinho,Araguatins
Não,Riachinho,Araguatins
Não,Miranorte,Miracema
Não,Pium,Paraiso
"Sim, o ano todo",Miranorte,Miracema
Não,Miranorte,Miracema
Não,Barrolândia,Paraiso
Não,Araguaína,Araguína
Não,Araguaína,Araguína
"Sim, julho a novembro",Paranã,Taguatinga do Tocantins
"Sim, julho a novembro",dois Irmãos do Tocantins,Paraiso
AGOSTO A OUTUBRO,Caseara,Paraiso
Não,Santa Fé do Araguaia,Araguína
Não,Xambioá,Araguína
Não,Luzinópolis,Araguatins
"Sim, julho a novembro",Aliança do Tocantins,Gurupi
Não,Santa Fé do Araguaia,Araguína
Não,Monte Santo do Tocantins,Paraiso
"Sim, julho a novembro",Guaraí,Colinas
"Sim, julho a novembro",Guaraí,Colinas
Não,Axixá do Tocantins,Araguatins
Não,Figueirópolis,Gurupi
Não,Paraíso do Tocantins,Paraiso
Não,Miranorte,Miracema
Não,Figueirópolis,Gurupi
Não,Figueirópolis,Gurupi
Não,Paraíso do Tocantins,Paraiso
Não,Miranorte,Miracema
Não,Filadélfia,Araguína
"Sim, o ano todo",Novo Acordo,Porto Nacional
Não,Pium,Paraiso
"Sim, julho a novembro",Abreulândia,Paraiso
"Sim, julho a novembro",Xambioá,Araguína
Não,Aurora do Tocantins,Taguatinga do Tocantins
Não,Goiatins,Araguína
Não,Barrolândia,Paraiso
Não,Divinópolis do Tocantins,Paraiso
Não,,
Não,Paranã,Taguatinga do Tocantins
Não,Lagoa da Confusão,Paraiso
"Sim, julho a novembro",Paranã,Taguatinga do Tocantins
Não,Tocantínia,Miracema
"Sim, julho a novembro",Chapada da Natividade,Porto Nacional
Não,Cariri do Tocantins,Gurupi
Não,Rio dos Bois,Miracema
Não,Pedro Afonso,Miracema
Não,Figueirópolis,Gurupi
Não,Cariri do Tocantins,Gurupi
"Sim, julho a novembro",Chapada da Natividade,Porto Nacional
agosto e setembro,Peixe,Gurupi
Não,Divinópolis do Tocantins,Paraiso
Não,São Bento do Tocantins,Araguatins
"Sim, julho a novembro",Chapada da Natividade,Porto Nacional
"Sim, julho a novembro",Chapada da Natividade,Porto Nacional
Não,Figueirópolis,Gurupi
Não,Paraíso do Tocantins,Paraiso
setembro a novembro,Peixe,Gurupi
Não,Cariri do Tocantins,Gurupi
Não,Paraíso do Tocantins,Paraiso
Não,São Bento do Tocantins,Araguatins
Não,Silvanópolis,Porto Nacional
"Sim, julho a novembro",Goiatins,Araguína
Não,Rio Sono,Miracema
"Sim, julho a novembro",Porto Alegre do Tocantins,Taguatinga do Tocantins
Não,Paranã,Taguatinga do Tocantins
Não,Porto Alegre do Tocantins,Taguatinga do Tocantins
Não,Chapada de Areia,Paraiso
Não,Rio Sono,Miracema
Não,Figueirópolis,Gurupi
Não,Colméia,Colinas
Não,Cristalândia,Paraiso
"Sim, julho a novembro",Paranã,Taguatinga do Tocantins
"Sim, julho a novembro",Silvanópolis,Porto Nacional
Não,Santa Fé do Araguaia,Araguína
Não,dois Irmãos do Tocantins,Paraiso
Não,Divinópolis do Tocantins,Paraiso
Não,Rio Sono,Miracema
Não,Xambioá,Araguína
"Sim, julho a novembro",Monte do Carmo,Porto Nacional
Não,Paraíso do Tocantins,Paraiso
Não,Filadélfia,Araguína
Não,Dianópolis,Taguatinga do Tocantins
"Sim, julho a novembro",Santa Rita do Tocantins,Gurupi
Não,Cariri do Tocantins,Gurupi
Não,Dianópolis,Taguatinga do Tocantins
Não,Porto Alegre do Tocantins,Taguatinga do Tocantins
"Sim, julho a novembro",Marianópolis do Tocantins,Paraiso
"Sim, julho a novembro",Goiatins,Araguína
Não,Miranorte,Miracema
Não,Santa Terezinha do Tocantins,Araguatins
"Sim, julho a novembro",Miranorte,Miracema
"Sim, julho a novembro",Marianópolis do Tocantins,Paraiso
Não,Araguaína,Araguína
"Sim, julho a novembro",Araguaína,Araguína
Não,Pedro Afonso,Miracema
Não,Miranorte,Miracema
Não,Caseara,Paraiso
Não,Cariri do Tocantins,Gurupi
Não,Filadélfia,Araguína
Não,Cachoeirinha,Araguatins
Não,Aliança do Tocantins,Gurupi
"Sim, julho a novembro",Paraíso do Tocantins,Paraiso
"Sim, julho a novembro",Pium,Paraiso
"Sim, julho a novembro",Marianópolis do Tocantins,Paraiso
Não,Miranorte,Miracema
"Sim, julho a novembro",Marianópolis do Tocantins,Paraiso
Não,Aragominas,Araguína
"Sim, julho a novembro",Paranã,Taguatinga do Tocantins
Não,Pedro Afonso,Miracema
Não,Nova Olinda,Araguína
Não,Wanderlândia,Araguína
"Sim, julho a novembro",Xambioá,Araguína
Não,Araguaína,Araguína
Não,Piraquê,Araguína
"Sim, julho a novembro",Monte Santo do Tocantins,Paraiso
Não,Monte Santo do Tocantins,Paraiso
Não,Chapada de Areia,Paraiso
"Sim, julho a novembro",Chapada de Areia,Paraiso
Não,Miranorte,Miracema
"Sim, julho a novembro",Esperantina,Araguatins
"Sim, julho a novembro",Monte Santo do Tocantins,Paraiso
"Sim, julho a novembro",Dianópolis,Taguatinga do Tocantins
"Sim, julho a novembro",Angico,Araguatins
"Sim, julho a novembro",Paranã,Taguatinga do Tocantins
"Sim, julho a novembro",Paranã,Taguatinga do Tocantins
Não,Dianópolis,Taguatinga do Tocantins
"Sim, o ano todo",Babaçulândia,Araguína
"Sim, julho a novembro",São Miguel do Tocantins,Araguatins
"Sim, julho a novembro",Dianópolis,Taguatinga do Tocantins
Não,Miranorte,Miracema
Não,Ipueiras,Porto Nacional
"Sim, julho a novembro",Babaçulândia,Araguína
"Sim, julho a novembro",Aliança do Tocantins,Gurupi
"Sim, julho a novembro",Marianópolis do Tocantins,Paraiso
Não,Palmeiras do Tocantins,Araguatins
Não,Palmeiras do Tocantins,Araguatins
"Sim, julho a novembro",Piraquê,Araguína
Não,Pedro Afonso,Miracema
"Sim, julho a novembro",Fátima,Porto Nacional
Não,Piraquê,Araguína
"Sim, julho a novembro",Piraquê,Araguína
Não,Piraquê,Araguína
"Sim, julho a novembro",Xambioá,Araguína
"Sim, julho a novembro",Marianópolis do Tocantins,Paraiso
"Sim, julho a novembro",Fortaleza do Tabocão,Miracema
"Sim, julho a novembro",Aragominas,Araguína
"Sim, julho a novembro",Gurupi,Gurupi
"Sim, julho a novembro",Crixás do Tocantins,Gurupi
"Sim, julho a novembro",Palmas,Porto Nacional
Não,Miranorte,Miracema
"Sim, julho a novembro",Gurupi,Gurupi
"Sim, julho a novembro",Gurupi,Gurupi
Não,Miranorte,Miracema
Não,Fortaleza do Tabocão,Miracema
Não,Piraquê,Araguína
Não,Guaraí,Colinas
Não,Almas,Taguatinga do Tocantins
"Sim, julho a novembro",Chapada de Areia,Paraiso
Não,Pedro Afonso,Miracema
Não,dois Irmãos do Tocantins,Paraiso
"Sim, julho a novembro",Marianópolis do Tocantins,Paraiso
Não,Guaraí,Colinas
"Sim, julho a novembro",Chapada de Areia,Paraiso
"Sim, julho a novembro",Xambioá,Araguína
"Sim, julho a novembro",Araguaína,Araguína
"Sim, julho a novembro",Praia Norte,Araguatins
Não,Bandeirantes do Tocantins,Colinas
"Sim, julho a novembro",Araguaína,Araguína
Não,Piraquê,Araguína
"Sim, julho a novembro",Dianópolis,Taguatinga do Tocantins
"Sim, julho a novembro",Novo Acordo,Porto Nacional
"Sim, julho a novembro",Bandeirantes do Tocantins,Colinas
Não,Nova Olinda,Araguína
Não,Silvanópolis,Porto Nacional
Não,Piraquê,Araguína
Não,Angico,Araguatins
Não,Piraquê,Araguína
Não,Angico,Araguatins
Não,Piraquê,Araguína
"Sim, julho a novembro",Marianópolis do Tocantins,Paraiso
Não,Gurupi,Gurupi
Não,Piraquê,Araguína
Não,Fortaleza do Tabocão,Miracema
"Sim, julho a novembro",Nova Olinda,Araguína
"Sim, julho a novembro",Dianópolis,Taguatinga do Tocantins
Não,Palmeiras do Tocantins,Araguatins
Não,Tupirama,Miracema
Não,Xambioá,Araguína
"Sim, julho a novembro",Araguanã,Araguína
"Sim, julho a novembro",Araguanã,Araguína
"Sim, julho a novembro",Marianópolis do Tocantins,Paraiso
Não,Divinópolis do Tocantins,Paraiso
Não,Babaçulândia,Araguína
Não,Santa Terezinha do Tocantins,Araguatins
Não,Paraíso do Tocantins,Paraiso
Não,Centenário,Miracema
Não,Ananás,Araguatins
"Sim, julho a novembro",Almas,Taguatinga do Tocantins
Não,Cristalândia,Paraiso
"Sim, julho a novembro",Marianópolis do Tocantins,Paraiso
Não,Fortaleza do Tabocão,Miracema
"Sim, julho a novembro",Palmeiras do Tocantins,Araguatins
"Sim, julho a novembro",Tupirama,Miracema
Não,Caseara,Paraiso
Não,Caseara,Paraiso
Não,Caseara,Paraiso
"Sim, julho a novembro",Chapada de Areia,Paraiso
Não,Lagoa da Confusão,Paraiso
"Sim, julho a novembro",Miracema do Tocantins,Miracema
"Sim, o ano todo",Novo Jardim,Taguatinga do Tocantins
Não,Tupirama,Miracema
Não,Miranorte,Miracema
Não,Araguaína,Araguína
"Sim, julho a novembro",Gurupi,Gurupi
Não,Paranã,Taguatinga do Tocantins
Não,São Miguel do Tocantins,Araguatins
"Sim, julho a novembro",Caseara,Paraiso
Não,Figueirópolis,Gurupi
Não,Couto Magalhães,Colinas
Não,Tocantínia,Miracema
Não,Tupirama,Miracema
Não,Tocantínia,Miracema
Não,Sítio Novo do Tocantins,Araguatins
Não,São Miguel do Tocantins,Araguatins
"Sim, o ano todo",Dianópolis,Taguatinga do Tocantins
Não,Axixá do Tocantins,Araguatins
Não,Axixá do Tocantins,Araguatins
Não,Tocantínia,Miracema
"Sim, julho a novembro",Bom Jesus do Tocantins,Miracema
Não,Barrolândia,Paraiso
Não,Palmeiras do Tocantins,Araguatins
Não,Abreulândia,Paraiso
"Sim, julho a novembro",Monte Santo do Tocantins,Paraiso
Não,Pedro Afonso,Miracema
"Sim, julho a novembro",Monte Santo do Tocantins,Paraiso
Não,São Miguel do Tocantins,Araguatins
Não,Ponte Alta do Bom Jesus,Taguatinga do Tocantins
Não,Axixá do Tocantins,Araguatins
Não,Axixá do Tocantins,Araguatins
"Sim, julho a novembro",Sítio Novo do Tocantins,Araguatins
Não,Ponte Alta do Bom Jesus,Taguatinga do Tocantins
"Sim, julho a novembro",Barrolândia,Paraiso
"Sim, julho a novembro",Ananás,Araguatins
"Sim, o ano todo",Wanderlândia,Araguína
"Sim, julho a novembro",Almas,Taguatinga do Tocantins
Não,Nova Rosalândia,Paraiso
"Sim, o ano todo",Rio dos Bois,Miracema
Não,São Miguel do Tocantins,Araguatins
"Sim, julho a novembro",Ananás,Araguatins
"Sim, julho a novembro",Xambioá,Araguína
Não,Lagoa da Confusão,Paraiso
Não,Lagoa da Confusão,Paraiso
Não,Lagoa da Confusão,Paraiso
Não,Dianópolis,Taguatinga do Tocantins
Não,São Miguel do Tocantins,Araguatins
"Sim, julho a novembro",darcinópolis,Araguatins
Não,Wanderlândia,Araguína
Não,São Salvador do Tocantins,Gurupi
"Sim, julho a novembro",Pugmil,Paraiso
"Sim, julho a novembro",Carmolândia,Araguína
Não,Peixe,Gurupi
"Sim, julho a novembro",Paraíso do Tocantins,Paraiso
"Sim, julho a novembro",Silvanópolis,Porto Nacional
"Sim, julho a novembro",Gurupi,Gurupi
Não,Wanderlândia,Araguína
"Sim, julho a novembro",Nova Olinda,Araguína
"Sim, julho a novembro",darcinópolis,Araguatins
Não,Nova Rosalândia,Paraiso
"Sim, julho a novembro",Carmolândia,Araguína
"Sim, julho a novembro",Aguiarnópolis,Araguatins
"Sim, julho a novembro",darcinópolis,Araguatins
Não,Axixá do Tocantins,Araguatins
"Sim, o ano todo",Chapada de Areia,Paraiso
Não,Filadélfia,Araguína
"Sim, julho a novembro",darcinópolis,Araguatins
Não,Palmas,Porto Nacional
Não,Paraíso do Tocantins,Paraiso
Não,Porto Alegre do Tocantins,Taguatinga do Tocantins
Não,Nova Rosalândia,Paraiso
Não,São Miguel do Tocantins,Araguatins
Não,Tupirama,Miracema
Não,Porto Nacional,Porto Nacional
Não,Tupirama,Miracema
Não,Silvanópolis,Porto Nacional
Não,Divinópolis do Tocantins,Paraiso
"Sim, julho a novembro",Palmeiras do Tocantins,Araguatins
Não,Araguaína,Araguína
Não,Divinópolis do Tocantins,Paraiso
Não,Palmeiras do Tocantins,Araguatins
"Sim, julho a novembro",Sítio Novo do Tocantins,Araguatins
Não,Tupirama,Miracema
"Sim, julho a novembro",Miracema do Tocantins,Miracema
"Sim, julho a novembro",Palmeiras do Tocantins,Araguatins
Não,Barrolândia,Paraiso
Não,Caseara,Paraiso
"Sim, o ano todo",Lajeado,Porto Nacional
AGOSTO/SETEMBRO,Porto Nacional,Porto Nacional
"Sim, julho a novembro",Miracema do Tocantins,Miracema
junho a dezembro,Monte Santo do Tocantins,Paraiso
"Sim, julho a novembro",Riachinho,Araguatins
"Sim, julho a novembro",Xambioá,Araguína
Não,São Miguel do Tocantins,Araguatins
"Sim, julho a novembro",Palmeiras do Tocantins,Araguatins
Não,Babaçulândia,Araguína
"Sim, julho a novembro",Esperantina,Araguatins
Não,Lajeado,Porto Nacional
Não,Lajeado,Porto Nacional
Não,Miranorte,Miracema
Não,Lajeado,Porto Nacional
Não,Lajeado,Porto Nacional
Não,Lajeado,Porto Nacional
Não,Xambioá,Araguína
Não,Tocantínia,Miracema
Não,Dianópolis,Taguatinga do Tocantins
Não,Tocantínia,Miracema
"Sim, julho a novembro",Silvanópolis,Porto Nacional
Não,Barrolândia,Paraiso
Não,Porto Nacional,Porto Nacional
Não,Palmeiras do Tocantins,Araguatins
Não,São Miguel do Tocantins,Araguatins
Não,Barrolândia,Paraiso
Não,Nova Olinda,Araguína
Não,Palmas,Porto Nacional
Não,Alvorada,Gurupi
Não,Lajeado,Porto Nacional
"Sim, julho a novembro",Sítio Novo do Tocantins,Araguatins
Não,Pedro Afonso,Miracema
Não,dois Irmãos do Tocantins,Paraiso
"Sim, julho a novembro",Fátima,Porto Nacional
Não,Aurora do Tocantins,Taguatinga do Tocantins
Não,Rio dos Bois,Miracema
"Sim, julho a novembro",Sítio Novo do Tocantins,Araguatins
Não,Nova Olinda,Araguína
"Sim, julho a novembro",Tupirama,Miracema
"Sim, julho a novembro",Palmas,Porto Nacional
Não,Caseara,Paraiso
Não,Nova Olinda,Araguína
Não,Bom Jesus do Tocantins,Miracema
Não,Nova Olinda,Araguína
Não,Tupirama,Miracema
Não,dois Irmãos do Tocantins,Paraiso
Não,Tupirama,Miracema
"Sim, julho a novembro",Esperantina,Araguatins
"Sim, julho a novembro",Nova Olinda,Araguína
Não,Palmas,Porto Nacional
Não,Palmas,Porto Nacional
Não,Esperantina,Araguatins
Não,Nova Olinda,Araguína
Não,Dianópolis,Taguatinga do Tocantins
"Sim, julho a novembro",Santa Maria do Tocantins,Miracema
Não,Nova Olinda,Araguína
Não,dois Irmãos do Tocantins,Paraiso
Não,Caseara,Paraiso
"Sim, julho a novembro",Nova Olinda,Araguína
"Sim, o ano todo",Porto Nacional,Porto Nacional
Não,dois Irmãos do Tocantins,Paraiso
"Sim, o ano todo",Pedro Afonso,Miracema
Não,dois Irmãos do Tocantins,Paraiso
"Sim, julho a novembro",Bom Jesus do Tocantins,Miracema
"Sim, julho a novembro",Paraíso do Tocantins,Paraiso
"Sim, julho a novembro",Palmas,Porto Nacional
"Sim, julho a novembro",,
Não,Rio dos Bois,Miracema
Não,Pium,Paraiso
Não,Luzinópolis,Araguatins
"Sim, julho a novembro",Chapada de Areia,Paraiso
Não,dois Irmãos do Tocantins,Paraiso
"Sim, julho a novembro",Miranorte,Miracema
Não,Novo Jardim,Taguatinga do Tocantins
"Sim, julho a novembro",Araguatins,Araguatins
Não,Guaraí,Colinas
Não,Guaraí,Colinas
"Sim, julho a novembro",Miranorte,Miracema
"Sim, o ano todo",Araguaína,Araguína
Não,dois Irmãos do Tocantins,Paraiso
Não,Divinópolis do Tocantins,Paraiso
"Sim, julho a novembro",Couto Magalhães,Colinas
"Sim, julho a novembro",Pugmil,Paraiso
"Sim, julho a novembro",darcinópolis,Araguatins
"Sim, julho a novembro",Monte Santo do Tocantins,Paraiso
Não,Nova Olinda,Araguína
"Sim, julho a novembro",Araguaína,Araguína
Não,Couto Magalhães,Colinas
Não,Nova Rosalândia,Paraiso
Não,Caseara,Paraiso
Não,dois Irmãos do Tocantins,Paraiso
Não,Dianópolis,Taguatinga do Tocantins
"Sim, julho a novembro",Pium,Paraiso
"Sim, julho a novembro",Monte Santo do Tocantins,Paraiso
"Sim, julho a novembro",Araguaína,Araguína
Não,Nova Olinda,Araguína
"Sim, julho a novembro",Nova Olinda,Araguína
Não,Monte do Carmo,Porto Nacional
Não,dois Irmãos do Tocantins,Paraiso
"Sim, julho a novembro",Araguaína,Araguína
Não,Esperantina,Araguatins
Não,dois Irmãos do Tocantins,Paraiso
Não,Nova Olinda,Araguína
"Sim, julho a novembro",Fátima,Porto Nacional
"Sim, julho a novembro",Fátima,Porto Nacional
Não,Barrolândia,Paraiso
"Sim, julho a novembro",Araguaína,Araguína
"Sim, julho a novembro",dois Irmãos do Tocantins,Paraiso
"Sim, julho a novembro",Couto Magalhães,Colinas
Não,Nova Olinda,Araguína
"Sim, julho a novembro",Itaguatins,Araguatins
"Sim, julho a novembro",Fátima,Porto Nacional
Não,Nova Olinda,Araguína
Não,Nova Olinda,Araguína
Não,Nova Olinda,Araguína
Não,Palmas,Porto Nacional
"Sim, julho a novembro",Cristalândia,Paraiso
QUANDO FALTA ENERGIA NA BOMBA,Nova Olinda,Araguína
Não,Piraquê,Araguína
"Sim, julho a novembro",Novo Acordo,Porto Nacional
"Sim, julho a novembro",Couto Magalhães,Colinas
Não,Nova Rosalândia,Paraiso
Não,Pedro Afonso,Miracema
Não,Pedro Afonso,Miracema
Não,Rio dos Bois,Miracema
Não,Rio dos Bois,Miracema
Não,Bom Jesus do Tocantins,Miracema
Não,Pedro Afonso,Miracema
"Sim, julho a novembro",Santa Maria do Tocantins,Miracema
"Sim, julho a novembro",Porto Nacional,Porto Nacional
Não,Esperantina,Araguatins
Não,darcinópolis,Araguatins
Não,Nova Rosalândia,Paraiso
"Sim, julho a novembro",Araguanã,Araguína
Não,Filadélfia,Araguína
Não,Chapada de Areia,Paraiso
Não,Abreulândia,Paraiso
Não,darcinópolis,Araguatins
Não,Palmeiras do Tocantins,Araguatins
"Sim, julho a novembro",Araguaína,Araguína
Não,Tocantínia,Miracema
Não,Barrolândia,Paraiso
Não,Araguaína,Araguína
"Sim, julho a novembro",Ananás,Araguatins
"Sim, julho a novembro",Ananás,Araguatins
"Sim, julho a novembro",Araguaína,Araguína
Não,darcinópolis,Araguatins
Não,dois Irmãos do Tocantins,Paraiso
Não,Pedro Afonso,Miracema
Não,Araguaína,Araguína
"Sim, julho a novembro",Bom Jesus do Tocantins,Miracema
Não,Wanderlândia,Araguína
Não,Wanderlândia,Araguína
"Sim, julho a novembro",Nova Rosalândia,Paraiso
"Sim, julho a novembro",Dianópolis,Taguatinga do Tocantins
Não,Monte do Carmo,Porto Nacional
Não,Palmeirópolis,Gurupi
"Sim, o ano todo",Dianópolis,Taguatinga do Tocantins
Não,Palmeiras do Tocantins,Araguatins
Não,Araguatins,Araguatins
Não,Piraquê,Araguína
"Sim, julho a novembro",Araguaína,Araguína
Não,Nova Olinda,Araguína
Não,Araguatins,Araguatins
Não,Paraíso do Tocantins,Paraiso
"Sim, julho a novembro",Bom Jesus do Tocantins,Miracema
Não,Chapada de Areia,Paraiso
Não,Paraíso do Tocantins,Paraiso
Não,Miranorte,Miracema
Não,Caseara,Paraiso
Não,Crixás do Tocantins,Gurupi
"Sim, julho a novembro",Monte Santo do Tocantins,Paraiso
"Sim, julho a novembro",Monte Santo do Tocantins,Paraiso
Não,Novo Jardim,Taguatinga do Tocantins
Não,Pium,Paraiso
Não,Caseara,Paraiso
"Sim, julho a novembro",Santa Maria do Tocantins,Miracema
Não,Silvanópolis,Porto Nacional
NÃO TEM ÁGUA NA PROPRIEDADE,Nova Olinda,Araguína
Não,Bandeirantes do Tocantins,Colinas
"Sim, julho a novembro",Gurupi,Gurupi
Não,Praia Norte,Araguatins
Não,Paraíso do Tocantins,Paraiso
"Sim, julho a novembro",Ananás,Araguatins
Não,Ananás,Araguatins
Não,Miranorte,Miracema
Não,Palmeiras do Tocantins,Araguatins
Não,Filadélfia,Araguína
Não,Palmeiras do Tocantins,Araguatins
Não,Palmeiras do Tocantins,Araguatins
"Sim, julho a novembro",Miranorte,Miracema
"Sim, julho a novembro",Ananás,Araguatins
Não,Ananás,Araguatins
"Sim, julho a novembro",Dianópolis,Taguatinga do Tocantins
Não,Araguanã,Araguína
Não,Filadélfia,Araguína
Não,Aurora do Tocantins,Taguatinga do Tocantins
Não,Ananás,Araguatins
Não,Miranorte,Miracema
"Sim, julho a novembro",Ananás,Araguatins
Não,Muricilândia,Araguína
"Sim, julho a novembro",Barrolândia,Paraiso
"Sim, julho a novembro",Ananás,Araguatins
"Sim, julho a novembro",Ananás,Araguatins
"Sim, julho a novembro",Miranorte,Miracema
"Sim, julho a novembro",Ananás,Araguatins
Não,Itaguatins,Araguatins
Não,Riachinho,Araguatins
"Sim, julho a novembro",Dianópolis,Taguatinga do Tocantins
"Sim, julho a novembro",Gurupi,Gurupi
Não,Bom Jesus do Tocantins,Miracema
Não,Rio Sono,Miracema
Não,Araguaína,Araguína
Não,Axixá do Tocantins,Araguatins
Não,Xambioá,Araguína
Não,Palmeiras do Tocantins,Araguatins
Não,Miranorte,Miracema
Não,Santa Maria do Tocantins,Miracema
"Sim, julho a novembro",Pium,Paraiso
Não,Itaporã do Tocantins,Colinas
"Sim, julho a novembro",Pugmil,Paraiso
Não,Filadélfia,Araguína
Não,Nova Rosalândia,Paraiso
Não,Pium,Paraiso
Não,dois Irmãos do Tocantins,Paraiso
Não,Aragominas,Araguína
Não,Aragominas,Araguína
Não,Miranorte,Miracema
Não,Miranorte,Miracema
Não,Divinópolis do Tocantins,Paraiso
Não,Miranorte,Miracema
"Sim, julho a novembro",Dianópolis,Taguatinga do Tocantins
Não,dois Irmãos do Tocantins,Paraiso
Não,Araguaína,Araguína
Não,Araguaína,Araguína
Não,Babaçulândia,Araguína
Não,Itaguatins,Araguatins
"Sim, o ano todo",São Salvador do Tocantins,Gurupi
Não,Rio dos Bois,Miracema
Não,Dianópolis,Taguatinga do Tocantins
"Sim, julho a novembro",Pium,Paraiso
"Sim, julho a novembro",Araguanã,Araguína
Não,Araguaína,Araguína
Não,Cristalândia,Paraiso
"Sim, o ano todo",Chapada de Areia,Paraiso
"Sim, julho a novembro",Dianópolis,Taguatinga do Tocantins
"Sim, julho a novembro",Pium,Paraiso
Não,Rio dos Bois,Miracema
Não,Filadélfia,Araguína
"Sim, julho a novembro",Almas,Taguatinga do Tocantins
"Sim, julho a novembro",Pium,Paraiso
"Sim, julho a novembro",Gurupi,Gurupi
Não,Talismã,Gurupi
Não,Silvanópolis,Porto Nacional
"Sim, julho a novembro",Cristalândia,Paraiso
De agosto a setembro,Araguatins,Araguatins
Não,Araguaína,Araguína
Não,Nova Rosalândia,Paraiso
Não,Silvanópolis,Porto Nacional
"Sim, julho a novembro",Pium,Paraiso
Não,Novo Jardim,Taguatinga do Tocantins
"Sim, julho a novembro",Novo Jardim,Taguatinga do Tocantins
"Sim, julho a novembro",Pium,Paraiso
Não,Tocantínia,Miracema
Não,Santa Fé do Araguaia,Araguína
agosto a novembro,Cristalândia,Paraiso
Não,Nova Rosalândia,Paraiso
Não,Cristalândia,Paraiso
Não,Araguaína,Araguína
"Sim, julho a novembro",Silvanópolis,Porto Nacional
Não,Caseara,Paraiso
Não,São Bento do Tocantins,Araguatins
"Sim, julho a novembro",Dianópolis,Taguatinga do Tocantins
"Sim, julho a novembro",Araguanã,Araguína
"Sim, julho a novembro",,
Não,Pium,Paraiso
Não,Muricilândia,Araguína
Não,Santa Fé do Araguaia,Araguína
Não,Araguaína,Araguína
Não,Araguatins,Araguatins
Não,Araguatins,Araguatins
"Sim, julho a novembro",Araguaçu,Gurupi
Não,Guaraí,Colinas
Não,Guaraí,Colinas
Não,Aparecida do Rio Negro,Porto Nacional
meses de agosto a dezembro,Araguatins,Araguatins
"Sim, julho a novembro",Rio da Conceição,Taguatinga do Tocantins
Não,Angico,Araguatins
Não,Pium,Paraiso
Não,Muricilândia,Araguína
Não,Santa Terezinha do Tocantins,Araguatins
"Sim, julho a novembro",Fátima,Porto Nacional
Não,Miracema do Tocantins,Miracema
setembro,Peixe,Gurupi
setembro a outubro,Peixe,Gurupi
"Sim, julho a novembro",Aliança do Tocantins,Gurupi
Não,Cristalândia,Paraiso
Não,Paraíso do Tocantins,Paraiso
"Sim, julho a novembro",Chapada de Areia,Paraiso
Não,Pium,Paraiso
Não,Colméia,Colinas
Não,Colméia,Colinas
"Sim, julho a novembro",Chapada da Natividade,Porto Nacional
Não,Rio Sono,Miracema
Não,Pugmil,Paraiso
Não,dois Irmãos do Tocantins,Paraiso
Não,Ponte Alta do Bom Jesus,Taguatinga do Tocantins
Não,Ipueiras,Porto Nacional
Não,Ponte Alta do Bom Jesus,Taguatinga do Tocantins
Não,Araguaína,Araguína
"Sim, julho a novembro",Dianópolis,Taguatinga do Tocantins
Não,Rio Sono,Miracema
Não,Nova Olinda,Araguína
Não,Miranorte,Miracema
Não,Dianópolis,Taguatinga do Tocantins
"Sim, julho a novembro",Bandeirantes do Tocantins,Colinas
"Sim, julho a novembro",Almas,Taguatinga do Tocantins
Não,Araguaína,Araguína
"Sim, julho a novembro",Xambioá,Araguína
Não,Piraquê,Araguína
Não,Araguaína,Araguína
"Sim, julho a novembro",Pium,Paraiso
"Sim, julho a novembro",Dianópolis,Taguatinga do Tocantins
"Sim, julho a novembro",Dianópolis,Taguatinga do Tocantins
"Sim, julho a novembro",Dianópolis,Taguatinga do Tocantins
Não,Dianópolis,Taguatinga do Tocantins
Não,Piraquê,Araguína
Não,Fortaleza do Tabocão,Miracema
Não,Axixá do Tocantins,Araguatins
Não,Miranorte,Miracema
Não,Axixá do Tocantins,Araguatins
Não,Chapada de Areia,Paraiso
"Sim, julho a novembro",Dianópolis,Taguatinga do Tocantins
Não,Chapada de Areia,Paraiso
"Sim, julho a novembro",Dianópolis,Taguatinga do Tocantins
"Sim, julho a novembro",Novo Acordo,Porto Nacional
Não,Bandeirantes do Tocantins,Colinas
Não,Dianópolis,Taguatinga do Tocantins
Não,Araguaína,Araguína
Não,Bom Jesus do Tocantins,Miracema
Não,Nova Olinda,Araguína
Não,Bandeirantes do Tocantins,Colinas
Não,Nova Olinda,Araguína
Não,Chapada de Areia,Paraiso
"Sim, julho a novembro",Dianópolis,Taguatinga do Tocantins
"Sim, julho a novembro",Chapada de Areia,Paraiso
Não,Araguaína,Araguína
"Sim, julho a novembro",Goiatins,Araguína
"Sim, julho a novembro",Chapada de Areia,Paraiso
Não,Rio dos Bois,Miracema
"Sim, julho a novembro",Babaçulândia,Araguína
Não,Piraquê,Araguína
"Sim, julho a novembro",Chapada de Areia,Paraiso
Não,dois Irmãos do Tocantins,Paraiso
Não,Rio dos Bois,Miracema
Não,Miracema do Tocantins,Miracema
Não,Dianópolis,Taguatinga do Tocantins
Não,Miranorte,Miracema
Não,Rio Sono,Miracema
Não,Rio Sono,Miracema
"Sim, julho a novembro",Palmeiras do Tocantins,Araguatins
Não,Rio Sono,Miracema
Não,Pedro Afonso,Miracema
Não,Miracema do Tocantins,Miracema
Não,Miracema do Tocantins,Miracema
Não,Tocantínia,Miracema
Não,Rio da Conceição,Taguatinga do Tocantins
Não,Ponte Alta do Bom Jesus,Taguatinga do Tocantins
"Sim, julho a novembro",Xambioá,Araguína
Não,darcinópolis,Araguatins
Não,Palmeiras do Tocantins,Araguatins
Não,Cristalândia,Paraiso
Não,Abreulândia,Paraiso
Não,Rio Sono,Miracema
Não,Santa Maria do Tocantins,Miracema
Não,Palmeirópolis,Gurupi
"Sim, julho a novembro",Ponte Alta do Bom Jesus,Taguatinga do Tocantins
Não,Tocantínia,Miracema
Não,Tupirama,Miracema
Não,Caseara,Paraiso
"Sim, julho a novembro",Sítio Novo do Tocantins,Araguatins
Não,Rio da Conceição,Taguatinga do Tocantins
Não,Palmeiras do Tocantins,Araguatins
Não,Rio da Conceição,Taguatinga do Tocantins
"Sim, julho a novembro",Pugmil,Paraiso
Não,Palmeiras do Tocantins,Araguatins
"Sim, julho a novembro",Riachinho,Araguatins
Não,darcinópolis,Araguatins
Não,Alvorada,Gurupi
Não,,
Não,Palmeiras do Tocantins,Araguatins
Não,Palmeiras do Tocantins,Araguatins
Não,Nova Rosalândia,Paraiso
